user_streak,last_difficulty,time_taken,is_correct,next_difficulty
1,easy,31.83771134623042,1,easy
-2,hard,31.667696195965178,0,medium
2,hard,25.979651896547757,0,hard
-1,easy,32.79030425462539,0,easy
1,easy,36.1802871098362,1,easy
4,hard,31.410366558225643,1,hard
-3,medium,35.05939836533724,1,medium
1,easy,39.90353411037507,1,easy
2,hard,11.490596421047321,0,hard
-1,medium,39.43463841865368,0,medium
-2,easy,33.424277652212744,1,easy
2,medium,18.883746722612734,1,medium
2,hard,38.02470882319689,1,hard
-3,easy,26.016790939760384,0,easy
0,medium,27.380335636814472,0,medium
-1,easy,24.92320217534338,0,easy
-4,medium,33.02398844238225,1,medium
2,hard,22.14646857487947,1,hard
0,hard,39.01474629947786,0,hard
-4,easy,28.611374128053285,1,easy
-1,medium,26.357975165120624,0,medium
-5,easy,37.5287567761397,1,easy
4,easy,26.804432376809196,0,easy
0,medium,39.48176825362301,1,medium
3,medium,39.795929508408655,0,medium
-5,medium,16.65196161781023,0,easy
4,hard,41.09260202222924,0,hard
-3,easy,15.379640284981145,0,easy
1,easy,41.71580526882511,0,easy
-2,hard,50.283571922302386,0,medium
3,medium,38.748344382691315,1,hard
-3,hard,8.43019355300327,1,hard
-1,hard,40.63565719386018,1,hard
-3,hard,52.46128965936012,0,medium
1,easy,26.969683590019706,0,easy
-1,hard,29.652966799701098,1,hard
3,easy,18.115132780735678,0,easy
1,easy,33.12079418819669,0,easy
-4,easy,42.69177182543129,0,easy
-2,medium,36.97737128149454,0,easy
3,easy,60.0,0,easy
-4,easy,30.330270429657972,1,easy
4,medium,13.693266325847357,1,hard
3,easy,31.70970971568219,1,medium
4,hard,5.835482347875104,1,hard
-1,hard,24.668960751354863,1,hard
-4,easy,46.243820586002116,0,easy
-2,medium,33.25133648631771,0,easy
1,hard,31.794168128312688,0,hard
2,medium,48.207803767153564,0,medium
-3,medium,27.2940010833663,1,medium
-5,hard,42.61820412934109,1,hard
-2,medium,31.293069751663403,1,medium
-4,hard,33.80047463459026,0,medium
2,medium,17.82695144136987,1,medium
-2,hard,25.179532051717832,0,medium
-4,easy,16.024817671561266,1,easy
0,hard,29.04754921774655,1,hard
0,hard,33.90402343916267,0,hard
4,hard,18.89961894908548,0,hard
-2,hard,50.49178922684823,1,hard
0,medium,32.78106019091961,1,medium
-4,easy,30.577955855852192,0,easy
4,hard,37.696577513456255,1,hard
-4,medium,21.71071919134078,1,medium
4,easy,31.634774791674534,0,easy
-2,easy,22.831337796424087,1,easy
2,easy,45.58679910088983,0,easy
1,easy,19.413606506029186,1,easy
3,hard,30.631654593071737,0,hard
2,hard,33.293157851517755,1,hard
-1,medium,33.948257444077015,0,medium
-4,medium,24.187648269171678,1,medium
-1,medium,21.04490597854902,0,medium
2,easy,24.33204826953901,1,easy
4,easy,35.28325434210282,1,medium
3,hard,28.561542290880364,1,hard
3,easy,37.96208808452521,1,medium
-5,easy,34.770037193950735,1,easy
3,easy,7.230873019003923,1,medium
1,medium,32.47497796837211,1,medium
3,medium,52.5045476781627,1,hard
2,hard,43.25269051038331,1,hard
-5,easy,34.22013160706969,0,easy
2,easy,19.40607869530056,0,easy
2,hard,34.77553716125646,1,hard
-3,easy,37.39749939878259,0,easy
-5,easy,27.462533191724162,1,easy
2,medium,33.16742058804437,1,medium
-3,hard,45.096624583960406,0,medium
-3,hard,21.427255802582742,1,hard
-5,hard,19.41700395040873,1,hard
-1,hard,36.92699325994213,0,hard
4,medium,34.5754263619808,0,medium
1,medium,40.28838295412812,1,medium
4,easy,35.697938119037694,0,easy
3,easy,24.322449368258063,0,easy
1,easy,34.32192651465405,1,easy
3,easy,18.578734567038264,0,easy
2,medium,27.496812882670064,0,medium
-4,hard,35.02799230966404,1,hard
-5,medium,26.3948578327611,0,easy
1,easy,54.68052182229827,0,easy
1,medium,11.07815751176333,1,medium
2,hard,24.525096430011892,1,hard
-1,hard,20.622201661300895,1,hard
-3,medium,22.996511925420464,0,easy
2,medium,23.570017765191213,1,medium
0,medium,16.73579313141007,1,medium
-3,easy,37.52702148572627,0,easy
-5,medium,24.529047026128985,1,medium
-3,medium,31.635733355886547,1,medium
-1,medium,25.651742380897552,1,medium
-3,hard,23.091195877137903,1,hard
-5,hard,46.722792360868496,0,medium
-1,easy,39.22932182209408,1,easy
4,easy,11.317996000448552,1,medium
1,hard,10.258625516641132,0,hard
1,hard,40.42608835636487,1,hard
3,hard,24.801466084512462,0,hard
4,medium,13.509176660657772,0,medium
4,medium,40.45735132540341,0,medium
-3,hard,31.691240500990904,1,hard
1,medium,32.515710848323195,0,medium
-5,medium,38.095392720059074,0,easy
-2,easy,16.900228417176066,0,easy
-2,hard,13.684991786158353,1,hard
-1,hard,45.80954294903202,1,hard
1,medium,15.628332392577075,1,medium
1,hard,17.77762202924436,1,hard
-2,easy,19.77564620454234,1,easy
1,easy,50.79945923690522,1,easy
-3,easy,34.93383300411523,1,easy
0,hard,39.6540797443538,0,hard
-4,hard,31.961675455787287,0,medium
4,hard,23.981127887987665,0,hard
3,hard,36.312912832601675,0,hard
-1,hard,14.433840292031965,1,hard
0,easy,19.04716547903505,0,easy
-2,medium,37.329751792614815,0,easy
4,easy,16.427447691732198,0,easy
1,hard,28.109185308381267,0,hard
3,easy,28.56487655644588,1,medium
1,hard,24.71337996662838,1,hard
-5,hard,10.48881525151143,1,hard
-5,easy,23.710711088113072,0,easy
3,hard,21.750316230675146,1,hard
3,medium,31.614398632876988,0,medium
-2,hard,31.104905386994687,1,hard
3,medium,33.77961459936874,1,hard
-3,medium,23.240137270256024,1,medium
1,hard,35.22777950465892,1,hard
0,easy,14.439932672263168,1,easy
2,medium,11.78095267347646,0,medium
3,easy,6.64427275833372,1,medium
-1,medium,25.007027604280026,0,medium
-5,hard,22.467017756614425,0,medium
-3,hard,37.893156118546,0,medium
4,medium,23.513374129511302,0,medium
2,hard,32.73376347944267,0,hard
0,medium,38.132965765830775,1,medium
2,hard,23.136809243508843,1,hard
3,easy,32.980522101071756,1,medium
-2,hard,40.019275489551944,1,hard
-5,easy,17.61837225194433,0,easy
-5,hard,30.248523382446443,1,hard
4,easy,23.179656168006858,1,medium
-2,hard,18.255101175068617,0,medium
1,easy,14.635482595097711,0,easy
-4,medium,18.093514278212993,1,medium
-3,medium,30.600290057520123,1,medium
-5,easy,13.891555444382533,0,easy
-1,hard,24.49272975911363,1,hard
-5,easy,38.13194406852897,1,easy
2,hard,34.49010963418936,1,hard
-5,medium,24.69492377061843,1,medium
-5,hard,46.89690413358724,0,medium
-4,medium,48.930364139116605,0,easy
-4,hard,30.261224315397257,0,medium
0,hard,5.314570841156918,1,hard
1,hard,38.8644819701626,1,hard
-1,easy,7.060236599664144,1,easy
-5,easy,44.76146110720066,1,easy
-5,medium,40.835849007422986,1,medium
-3,medium,47.742125041380206,0,easy
-4,easy,32.60265558367727,1,easy
-1,medium,26.38614232818162,1,medium
4,easy,25.498988663097762,0,easy
0,hard,24.53739828969103,1,hard
1,medium,39.81068653674703,0,medium
-2,medium,37.12271489505878,0,easy
1,easy,31.20225633434213,0,easy
2,medium,22.778186920730278,0,medium
-5,medium,56.292126313002726,0,easy
0,hard,39.1237461396287,1,hard
2,medium,14.022880802265911,0,medium
-1,hard,24.83743984062873,0,hard
-2,easy,39.31776097408706,1,easy
-4,medium,22.00461078767316,1,medium
0,hard,33.51547958825889,0,hard
0,easy,39.50796300336148,1,easy
-5,medium,5.0,1,medium
3,easy,28.919623002107496,0,easy
0,medium,29.31209153565122,0,medium
-3,easy,25.879275443162104,1,easy
-2,easy,33.016951349460406,0,easy
-2,hard,36.57519607495875,0,medium
-3,easy,31.420509443246093,1,easy
4,medium,26.26172605950568,0,medium
-3,medium,36.326212997842696,0,easy
-3,hard,30.49053409274357,0,medium
-2,medium,27.692995868045216,0,easy
1,medium,16.87720614661081,0,medium
-2,medium,14.373452147339217,1,medium
3,easy,16.687702072859295,1,medium
-5,easy,32.78329061220215,0,easy
2,medium,29.209212523936483,1,medium
1,hard,15.197159017925369,0,hard
-4,easy,36.45917825793811,0,easy
2,hard,43.74309513179095,0,hard
-5,medium,24.015063832836642,0,easy
3,medium,12.59018142631626,0,medium
3,easy,22.90873615098087,1,medium
-4,medium,38.54460626794694,1,medium
1,easy,35.48529858534774,0,easy
4,medium,20.77567313988521,1,hard
-3,medium,45.21172137764742,0,easy
1,easy,43.48280065926399,1,easy
4,easy,22.66993936723359,0,easy
3,easy,22.567099970350334,1,medium
-2,medium,24.071720626205106,0,easy
-5,medium,24.926672246114542,0,easy
-4,hard,39.505380079284436,1,hard
-5,easy,34.25329060476594,1,easy
-1,medium,38.77078769350587,0,medium
-1,medium,36.735651431867,1,medium
1,easy,47.14527068193732,0,easy
3,hard,19.406144561908597,1,hard
3,easy,33.803585303839164,1,medium
-3,hard,8.261787437653023,0,medium
-3,medium,16.830444259031417,1,medium
-3,hard,29.25146614065153,1,hard
-2,medium,34.18206612754536,0,easy
2,easy,28.981842579704306,1,easy
0,easy,24.32807581187322,0,easy
2,easy,26.105821225069622,0,easy
-5,hard,43.694409764241044,0,medium
2,medium,26.159678221198593,0,medium
-2,easy,47.492416220435274,0,easy
-5,easy,37.940170735411336,1,easy
2,medium,34.5753734614823,0,medium
-2,easy,18.064030896790044,0,easy
0,medium,39.35238161399627,1,medium
2,medium,25.062294222515007,1,medium
-2,medium,18.055602419943,1,medium
-3,medium,35.12843613079377,0,easy
3,medium,16.120539394334603,0,medium
-3,hard,22.37758537870418,0,medium
3,easy,29.898840885310886,1,medium
-4,hard,52.184214241147274,0,medium
-4,easy,23.130842442075124,1,easy
-4,hard,25.417834806994247,0,medium
0,medium,37.323450544216456,1,medium
-3,easy,17.61704311623954,0,easy
3,easy,34.42806381020915,0,easy
-2,hard,42.05926807616588,0,medium
-5,hard,26.929051152888988,1,hard
-2,easy,40.26154281396866,1,easy
-5,hard,32.91449923211806,0,medium
-1,hard,22.693180361962195,0,hard
-2,hard,28.021953141034935,0,medium
2,medium,26.20242660019758,1,medium
2,medium,29.123617421835224,0,medium
1,hard,31.527178992198284,0,hard
-3,hard,35.88199934971857,0,medium
-5,medium,35.08668249587136,0,easy
-5,medium,5.682864287378521,1,medium
-3,easy,29.026918112279734,1,easy
0,easy,14.905780865932375,0,easy
1,medium,27.242727475326742,0,medium
0,hard,28.7621041218908,1,hard
0,hard,39.76148358084709,1,hard
0,hard,29.698845328999003,0,hard
-3,hard,32.5921801834326,1,hard
0,easy,37.93056380657429,1,easy
2,medium,42.277522598193,0,medium
-4,hard,28.769860766430895,1,hard
-1,easy,30.94179441680409,1,easy
-5,hard,30.100233022422536,0,medium
-5,medium,24.57401035568924,0,easy
-1,easy,22.308847765576104,1,easy
-3,medium,7.281140835740647,0,easy
-2,medium,19.233390654756704,1,medium
-3,easy,12.213691667901966,0,easy
-5,easy,42.55198484453253,1,easy
-5,easy,31.884160082974283,0,easy
-1,easy,28.740610270531665,1,easy
0,easy,22.82514813918918,1,easy
-3,easy,30.29779263234624,1,easy
3,easy,21.52020122344666,0,easy
-1,hard,31.740185566206037,0,hard
2,medium,32.45733982921353,1,medium
-5,easy,21.386162976432562,1,easy
-1,hard,21.195380351775942,0,hard
-3,hard,39.62199354595117,0,medium
-5,hard,29.471400457086997,0,medium
-2,medium,22.189795707351095,0,easy
-1,easy,26.29493698310481,0,easy
1,hard,19.894059132933926,0,hard
-5,medium,29.328164193380832,1,medium
-3,medium,38.31628307664469,0,easy
-4,medium,29.723293324057387,1,medium
3,hard,53.63633443675384,0,hard
4,easy,34.213595680490016,0,easy
0,hard,32.29954447842212,1,hard
4,hard,20.916978690341942,1,hard
-3,easy,27.614665531573333,0,easy
2,easy,22.209861569663076,1,easy
2,easy,8.343547715958763,1,easy
-4,medium,39.74262222128807,1,medium
0,easy,24.885494444497688,1,easy
1,hard,22.39599925666694,0,hard
-4,easy,32.10570033958465,1,easy
4,hard,35.12499552221517,0,hard
-4,medium,26.792251670937212,0,easy
4,hard,29.973983323909817,0,hard
-5,hard,37.46187407314403,0,medium
2,easy,26.398064053900523,1,easy
-5,easy,33.02333741763334,1,easy
3,hard,13.407553816108496,0,hard
0,easy,17.586810015722513,0,easy
1,medium,36.055397780804036,0,medium
4,medium,17.064413608327015,0,medium
1,easy,32.34137547113296,1,easy
4,medium,28.530012178029274,0,medium
-3,easy,26.35532737479771,1,easy
-4,hard,21.715372310322717,0,medium
3,hard,39.09340018105375,0,hard
2,medium,47.29891154519835,0,medium
4,easy,33.001921626001945,0,easy
1,easy,33.22490715672817,1,easy
3,medium,23.17669370142506,1,hard
-2,hard,18.039027681756203,1,hard
-2,medium,29.602610951938253,0,easy
-5,hard,20.26250352041924,0,medium
2,easy,12.273898716841781,1,easy
-3,hard,38.034458123655824,1,hard
1,medium,38.52166788251833,0,medium
-4,easy,21.411612270469057,0,easy
-4,medium,32.43964321279244,1,medium
1,medium,40.019522677917664,0,medium
0,hard,32.05026687061879,0,hard
-3,medium,18.068453539012665,1,medium
3,hard,27.671065867629014,0,hard
4,easy,43.26809420041991,1,medium
0,hard,32.470266436051126,0,hard
4,easy,35.391321031828056,1,medium
4,hard,33.41629219369114,0,hard
0,medium,21.444886420217465,1,medium
-5,hard,23.791547807173572,1,hard
-2,hard,33.388651570517425,1,hard
4,easy,38.16871780020408,1,medium
0,medium,40.999049509178825,0,medium
0,hard,21.418944552318067,0,hard
-1,medium,34.33120534677194,1,medium
-5,hard,41.87044111718976,0,medium
2,hard,20.129182297119776,0,hard
-1,medium,44.867471357997744,0,medium
-1,hard,46.3894082734419,0,hard
1,medium,56.2508633962166,0,medium
-2,hard,32.30933440829995,1,hard
0,easy,32.36424676262449,1,easy
-2,medium,38.26994389117318,1,medium
-3,hard,37.978026730494165,1,hard
1,hard,41.263668609956056,0,hard
2,easy,37.840331804651036,0,easy
-2,medium,28.939380909619615,1,medium
-4,hard,42.21997120973502,0,medium
4,easy,19.28745850307274,0,easy
-3,hard,30.058523367253763,1,hard
-5,medium,45.637356160497994,0,easy
2,hard,17.497535018796807,1,hard
-3,hard,23.22524343002837,1,hard
4,hard,36.71747291077291,0,hard
1,hard,33.939119732361526,0,hard
4,easy,21.24974592343755,1,medium
-1,easy,25.838059972698595,1,easy
4,medium,18.192179373496607,0,medium
-1,easy,39.80484999520572,1,easy
1,easy,27.441186423294685,1,easy
3,medium,47.92155910760633,1,hard
-1,easy,30.811002440400216,0,easy
-5,easy,27.802596965971233,1,easy
4,medium,26.831782387082022,0,medium
4,medium,27.558001648075717,1,hard
-5,medium,31.10821095133803,0,easy
-4,hard,55.12407576578319,1,hard
0,hard,26.611403299006405,0,hard
3,medium,26.936465392286905,0,medium
2,medium,30.655938456831787,0,medium
-1,medium,40.9027450634426,1,medium
-5,hard,15.790154389272208,1,hard
1,hard,34.550927369096456,1,hard
-1,easy,21.825748239788382,0,easy
0,easy,35.53272688950949,1,easy
1,medium,25.06240057639544,0,medium
-3,hard,6.958976602427136,1,hard
4,hard,33.69577602687485,0,hard
-3,hard,33.611447703468684,0,medium
-1,medium,24.209196915205702,0,medium
0,easy,23.616561398569978,1,easy
3,medium,16.886272749123474,1,hard
-1,easy,37.730999415388716,1,easy
-5,easy,38.82215782466808,0,easy
-2,medium,21.209491148241103,0,easy
-1,easy,24.600655404611494,1,easy
4,easy,29.367108788610366,1,medium
4,hard,52.70865281035547,1,hard
-1,easy,35.45121747588932,0,easy
1,medium,20.565844849916207,0,medium
-2,medium,33.03780309490506,0,easy
-5,easy,16.233084593619182,0,easy
-1,hard,37.179903099161706,0,hard
1,hard,46.755473935444854,1,hard
4,easy,46.797916850839584,0,easy
4,easy,37.348935034743384,0,easy
0,medium,24.165876441318705,0,medium
-1,easy,16.990982434858743,0,easy
-2,hard,15.99794956630891,0,medium
-4,easy,5.0,1,easy
-2,medium,36.93855763007922,0,easy
4,medium,28.971644797756007,0,medium
4,medium,39.092161664531275,0,medium
-3,medium,44.28031485234788,1,medium
4,medium,30.999055439024097,1,hard
-5,easy,31.4596160971315,1,easy
2,easy,25.356796555025333,0,easy
-1,easy,26.53915582827592,1,easy
-2,easy,37.28469912472934,0,easy
2,medium,28.256249696346895,0,medium
1,hard,26.80992333247176,1,hard
-4,easy,29.816831405571488,0,easy
-5,hard,38.8633019606159,0,medium
-2,easy,23.073384421698975,0,easy
2,easy,29.334714824479672,1,easy
-4,hard,32.4527783777843,0,medium
-3,medium,41.60221903585239,0,easy
-5,easy,27.60703223200581,1,easy
-5,easy,22.82176613948278,0,easy
-3,easy,25.156390557276445,0,easy
-1,hard,40.53057433015379,1,hard
-3,medium,50.333052986034645,0,easy
-5,hard,16.862421863139673,0,medium
-5,hard,19.046983849301427,0,medium
2,medium,28.312032132978548,0,medium
4,hard,31.109560960680433,0,hard
-4,medium,37.869695655549954,1,medium
-3,easy,21.088669913985136,1,easy
-4,medium,19.368909633505357,1,medium
-3,easy,31.380871531336297,1,easy
1,hard,27.415992797928315,0,hard
-5,hard,39.26720997771525,0,medium
4,easy,34.87359803190384,0,easy
2,hard,35.55379347633219,0,hard
4,medium,28.955186536231334,0,medium
4,easy,53.55580258568206,1,medium
4,hard,21.622520184062402,1,hard
-4,easy,36.10809833754775,0,easy
-3,medium,17.303100129268927,0,easy
3,medium,19.265323222605478,0,medium
1,hard,23.92654401234545,1,hard
-2,medium,46.29323336618026,0,easy
4,easy,32.63894430454019,0,easy
-1,medium,24.095219314556246,0,medium
-4,easy,33.744363259545736,1,easy
2,easy,30.351478814245084,0,easy
-2,medium,25.080266308608802,1,medium
3,hard,16.033711442117724,1,hard
-1,medium,44.3854248451229,1,medium
3,easy,32.09818128710042,1,medium
-2,easy,51.73738373468239,1,easy
4,medium,39.403216205408796,1,hard
-1,hard,35.51319724761042,0,hard
3,hard,25.64795671383033,0,hard
2,easy,19.046544361430833,0,easy
-3,easy,27.822690155115527,1,easy
-5,hard,18.757074057941693,0,medium
-3,medium,36.50190380730754,1,medium
-2,easy,46.3265249769713,1,easy
-4,easy,27.390877338828698,1,easy
-5,hard,39.44490972391197,0,medium
1,medium,23.107709297831434,1,medium
2,hard,26.97533161792649,1,hard
1,medium,21.850360154345573,0,medium
-1,medium,8.668669649294895,0,medium
-5,medium,29.634666500813893,1,medium
1,easy,31.284517375977526,1,easy
1,hard,40.65860998761637,0,hard
3,hard,37.954382526692875,0,hard
-3,medium,38.08952899038995,0,easy
3,easy,20.25963776882123,1,medium
-5,easy,34.59497306070692,0,easy
-5,hard,45.825939654815926,0,medium
-2,easy,33.79867850709081,0,easy
3,easy,48.28593613064997,1,medium
0,medium,50.18966111119863,0,medium
-3,easy,27.315317297083546,0,easy
-5,medium,23.030602549194285,0,easy
-2,hard,22.3853783458105,0,medium
3,easy,14.8386417989678,0,easy
-3,hard,24.81597100584478,1,hard
3,hard,42.076654497562465,1,hard
1,easy,7.9596242474876,1,easy
-2,easy,19.625465992862537,0,easy
-3,hard,28.728685583480022,1,hard
4,easy,21.228147993782997,1,medium
-1,medium,24.727140557597796,1,medium
-1,medium,24.876703255776963,0,medium
-3,easy,27.42459779938251,0,easy
3,hard,22.70545303890261,1,hard
-2,easy,21.88786786144452,1,easy
-1,easy,39.343097459212316,0,easy
-2,hard,40.49654177860345,0,medium
-1,hard,16.194566547525906,1,hard
1,medium,5.0,0,medium
3,hard,40.63374849570931,1,hard
1,medium,17.711995814478627,0,medium
-1,hard,32.1274483845974,1,hard
4,easy,14.343281269717828,1,medium
4,medium,42.977549852596724,0,medium
1,medium,55.436678953015274,1,medium
4,medium,31.828069092053365,1,hard
-1,easy,29.058973515404833,1,easy
-3,easy,26.778604248099363,0,easy
1,easy,37.81799311312912,0,easy
-4,easy,35.676867509345854,0,easy
3,easy,40.03498453552865,1,medium
4,medium,23.720834774019174,0,medium
4,easy,33.40117706404645,1,medium
-5,medium,24.57531933293804,1,medium
0,easy,19.422843519299455,0,easy
1,hard,29.589845789965363,0,hard
2,medium,20.774872696229178,1,medium
4,hard,41.73726997742588,1,hard
3,medium,21.38079621984177,0,medium
-4,hard,33.6354594068736,0,medium
4,easy,23.965777012402775,0,easy
-4,easy,32.77062750437512,1,easy
-1,easy,24.760034265446436,1,easy
-1,medium,17.427887251424625,1,medium
0,hard,34.83772740951845,1,hard
-3,easy,27.645843780867782,1,easy
2,hard,32.859849407224594,0,hard
-5,hard,25.711570643695623,0,medium
0,easy,16.720634862315478,1,easy
-2,easy,40.831785970562564,1,easy
-5,hard,37.367577554410886,0,medium
1,easy,24.330390244467562,0,easy
3,easy,30.697792134987978,0,easy
-2,easy,40.420194831629374,0,easy
-2,medium,25.42961664137603,1,medium
0,hard,26.98115494809448,0,hard
-3,hard,32.43632500007374,1,hard
0,medium,25.40908936445414,0,medium
1,hard,38.570919969870225,0,hard
4,easy,28.31099219692562,0,easy
4,hard,22.15964125006026,1,hard
-3,easy,36.08638829873995,1,easy
1,medium,18.57869350568653,0,medium
-3,easy,50.14878561124213,1,easy
-4,hard,45.82496363580202,1,hard
4,hard,35.134954769210154,0,hard
-2,hard,34.29331021819902,0,medium
2,medium,33.82441417819298,1,medium
3,medium,25.10905214081093,1,hard
1,hard,32.97309645680842,1,hard
-5,easy,20.768673895421514,0,easy
-3,medium,35.038184184401814,0,easy
3,hard,38.67846943031296,1,hard
-5,hard,26.219138990166655,0,medium
3,medium,24.048982058452808,0,medium
2,medium,17.8752297535209,1,medium
-5,medium,44.57955233565691,1,medium
0,easy,24.843359661577885,0,easy
-1,easy,28.01260963983377,0,easy
0,hard,33.001555849957256,1,hard
4,medium,32.822076428899344,0,medium
-1,easy,37.4656009568107,0,easy
0,medium,26.206700801616712,1,medium
-1,hard,18.613320615290867,1,hard
-1,easy,16.86334691027684,0,easy
-2,easy,24.207447671571536,0,easy
-3,easy,20.48149525325376,0,easy
-3,hard,26.963832946922416,1,hard
-2,medium,43.07578810759983,0,easy
3,easy,26.22721794116311,0,easy
-4,hard,26.223491386654434,1,hard
3,medium,29.836012237442116,1,hard
-5,hard,25.943750087879337,0,medium
-5,medium,29.32608764281806,1,medium
-1,hard,35.408692224813464,1,hard
0,medium,38.847510547633135,0,medium
0,easy,40.03213199739024,1,easy
-3,medium,50.568522207310195,1,medium
1,hard,35.69359446172438,0,hard
3,hard,52.34478901349309,1,hard
4,medium,22.23518191940357,0,medium
2,easy,50.91284902424585,0,easy
0,easy,26.196239457804097,1,easy
2,medium,27.179810692369646,1,medium
-1,medium,28.801274525771266,1,medium
2,hard,27.81379288841269,0,hard
4,easy,30.85840396726503,1,medium
-2,medium,24.199719975115606,0,easy
4,easy,38.299621730713724,1,medium
2,medium,24.471649653788205,1,medium
4,medium,36.55610398252892,1,hard
-4,easy,45.27723619523765,0,easy
-1,medium,26.428976301922603,1,medium
3,medium,37.94383417979177,1,hard
-2,hard,35.591592889031844,0,medium
0,medium,52.528868822197495,0,medium
-5,medium,24.9516943515505,1,medium
3,medium,37.95071616805784,1,hard
-5,hard,13.73988908223447,1,hard
-1,easy,25.04141589263187,0,easy
-2,hard,33.53392837596908,0,medium
-3,hard,43.93159969089781,0,medium
0,easy,17.740666350157973,0,easy
-4,hard,37.86090640741111,1,hard
-3,easy,29.367765435170412,0,easy
-1,hard,14.784723466076874,0,hard
3,easy,31.815868459487902,0,easy
-4,medium,47.091612329782116,1,medium
4,hard,18.79577340088383,1,hard
2,hard,28.900622846298166,0,hard
-4,hard,20.133610153604337,0,medium
-1,hard,25.314170680899842,1,hard
1,medium,44.32170143524633,1,medium
2,hard,27.284755245086174,1,hard
-5,medium,44.01565737515327,1,medium
0,medium,41.09054047931586,1,medium
-5,medium,26.37262086515552,1,medium
-4,medium,24.974005393937674,1,medium
-5,easy,21.04001193185498,1,easy
-1,easy,20.691188058065958,0,easy
4,hard,33.53207394507843,0,hard
3,easy,29.802146847850345,0,easy
0,easy,23.76394565070793,0,easy
-5,hard,14.512370778767211,0,medium
-5,hard,31.061787678222117,0,medium
-4,hard,25.30447820938667,1,hard
3,easy,28.04702304417906,1,medium
-3,easy,33.04661828698082,0,easy
-5,hard,5.0,0,medium
-1,medium,14.667253962908752,1,medium
1,hard,52.96443076805188,1,hard
0,medium,24.933894933003824,1,medium
-5,medium,5.0,0,easy
-1,hard,15.500598204837475,1,hard
-1,hard,54.84467368641433,0,hard
0,hard,22.9700253973016,0,hard
-3,easy,41.590152448971565,1,easy
-1,medium,31.211179983372052,1,medium
1,easy,25.15032962501029,0,easy
-1,easy,37.75445470763093,1,easy
-1,hard,6.156433246437118,1,hard
-1,easy,15.588673801433972,0,easy
4,hard,25.07648987860439,1,hard
4,medium,16.570956017303917,0,medium
-3,hard,24.192222114960284,0,medium
-5,easy,38.53713045682828,1,easy
-1,easy,31.32136721335981,0,easy
3,hard,43.306170355095894,0,hard
-5,hard,31.953752843517442,1,hard
-3,easy,39.92460831494527,1,easy
-2,medium,29.359296998715024,1,medium
-5,medium,24.097245166402175,0,easy
-5,hard,44.80568055541888,0,medium
2,medium,22.906497120639333,1,medium
-4,easy,33.438448231242994,0,easy
2,hard,37.68897363224473,1,hard
1,easy,38.41492704470856,1,easy
4,easy,18.345573297799803,0,easy
4,medium,40.519504058282656,1,hard
-4,hard,20.210447538927298,0,medium
0,hard,38.10703655349994,0,hard
0,medium,35.35173471049099,1,medium
-3,easy,38.186306617798984,0,easy
-4,easy,17.949964789009726,1,easy
-5,easy,35.879297427343914,0,easy
0,easy,40.85593676408172,0,easy
-1,hard,31.933957831617406,0,hard
3,hard,21.813833203954232,1,hard
-5,medium,39.1974761432799,0,easy
1,medium,31.1391962810077,1,medium
-1,hard,13.255557361723042,0,hard
-1,hard,21.038105376833396,0,hard
-4,easy,24.737054687730264,1,easy
-3,easy,45.058182876396565,1,easy
1,medium,43.30183086306214,1,medium
0,hard,43.26968531056676,1,hard
-4,medium,32.32360277683866,1,medium
0,hard,39.135947917791995,0,hard
-4,easy,18.592205913141093,0,easy
-4,medium,30.068030983927713,1,medium
-4,medium,34.516327016495964,0,easy
-3,hard,19.251009426908798,0,medium
-4,easy,32.0991208964187,0,easy
-2,medium,46.86639185804344,1,medium
3,easy,35.58769784560627,0,easy
0,medium,39.175452066641206,0,medium
-5,easy,5.475930765677376,0,easy
2,hard,45.57968849152924,1,hard
1,medium,28.138776522478302,0,medium
4,medium,22.313136859299576,0,medium
-3,easy,28.253621481900698,1,easy
-5,easy,15.149778417191023,1,easy
-1,medium,40.47942061752143,0,medium
-2,hard,26.64604277226207,0,medium
4,easy,22.613691879739307,1,medium
2,easy,28.31944934311635,1,easy
-5,easy,41.180156545761406,1,easy
4,medium,31.314584007812208,1,hard
-5,medium,15.90306230466533,1,medium
-2,medium,34.64980829741082,1,medium
2,medium,20.710200456773748,1,medium
-1,hard,8.438989686251833,0,hard
-4,hard,44.960072127171784,1,hard
0,medium,34.57229874827689,1,medium
-1,hard,29.21729336196585,0,hard
-4,easy,26.543904853033013,1,easy
-3,easy,43.97079500733316,1,easy
3,easy,60.0,0,easy
1,medium,34.48780518566517,1,medium
1,easy,19.70365317672124,0,easy
0,hard,28.455344811320238,0,hard
2,medium,34.30572672094049,0,medium
-2,hard,6.504716930081344,0,medium
2,easy,33.34499201778118,1,easy
-2,easy,34.36425129493079,0,easy
2,easy,43.263421979872206,0,easy
3,medium,42.221233023730534,1,hard
-3,hard,31.11172160289536,0,medium
-3,medium,45.14636906580358,0,easy
-4,medium,50.35678319038756,0,easy
4,easy,30.2795145524446,0,easy
-3,medium,34.181870784677486,1,medium
-3,medium,12.327026468894239,0,easy
-1,easy,15.49026737558912,1,easy
-1,medium,21.618036859904812,1,medium
-4,easy,25.563816954829466,0,easy
4,easy,19.038769752619316,0,easy
0,easy,29.64004588022758,0,easy
-1,easy,25.862908323253816,0,easy
0,medium,40.70895231339615,1,medium
-5,easy,25.25226354516292,1,easy
-1,easy,7.1328205178450546,1,easy
3,medium,31.257511725354203,0,medium
4,medium,29.85801975588661,1,hard
-4,hard,21.379501185955064,0,medium
-5,medium,30.94999883497037,0,easy
4,medium,19.24735411773665,0,medium
3,hard,33.298399536233426,0,hard
4,medium,56.329244369298515,0,medium
3,medium,11.943945270932335,1,hard
3,medium,24.8375791299084,1,hard
0,medium,23.234948785508642,0,medium
2,hard,25.667401165124563,1,hard
-5,medium,40.199245795969745,0,easy
4,medium,35.42826559319025,0,medium
-2,hard,38.487665026064235,0,medium
-5,easy,30.30495504753598,1,easy
2,hard,16.77900680055142,0,hard
-5,easy,18.8531463874002,0,easy
-3,hard,37.46259707466592,1,hard
-2,hard,31.708318984132973,1,hard
2,medium,42.60207406078838,1,medium
0,easy,32.93262103246797,0,easy
4,medium,18.169850066678748,0,medium
1,easy,24.780981858168452,1,easy
2,hard,35.6481414968293,0,hard
-4,hard,37.10332496238625,1,hard
4,easy,38.551086321546876,1,medium
2,medium,19.514758867948068,0,medium
-3,medium,17.98969833923075,0,easy
1,medium,28.101974802525792,1,medium
-3,medium,44.400735165334545,1,medium
1,hard,23.06131679191982,1,hard
-4,hard,34.54971890600973,1,hard
4,hard,34.55061138938965,0,hard
0,hard,37.60772749670613,1,hard
-3,hard,46.6444025394821,1,hard
-3,medium,45.61906424766106,1,medium
3,medium,24.05394166160495,0,medium
1,medium,9.02104558691326,0,medium
-1,medium,23.214706646352575,1,medium
4,hard,30.756722940472354,0,hard
1,hard,26.383547223143427,0,hard
3,hard,49.67898942928135,0,hard
-5,easy,30.187803043164493,1,easy
1,medium,36.537118802561935,1,medium
0,medium,32.172143096473434,0,medium
4,hard,26.53366816509178,1,hard
3,medium,10.751883220373337,1,hard
-5,medium,29.21382361458515,0,easy
-2,hard,60.0,0,medium
3,easy,17.555416001621662,1,medium
-2,easy,11.851269556257755,0,easy
4,easy,49.3638930256891,1,medium
-3,hard,37.42082969869335,1,hard
3,medium,31.874198805234364,0,medium
-4,hard,43.626738623670576,1,hard
-2,hard,21.68498057043903,1,hard
0,medium,28.93405239085348,0,medium
-4,easy,39.55154116900823,0,easy
2,easy,51.103543678203955,0,easy
2,hard,18.314556853433917,1,hard
-5,easy,42.80734458560394,0,easy
-3,hard,33.81839060840984,0,medium
4,hard,31.63061067429416,0,hard
3,medium,29.92270777745262,0,medium
-1,medium,16.153533793053967,1,medium
0,medium,39.63088998213033,1,medium
-2,hard,22.177309796736722,0,medium
4,medium,19.203092974976528,1,hard
-4,easy,38.85458958900338,0,easy
2,easy,37.89134025146679,0,easy
0,hard,30.790000836110625,1,hard
-1,hard,40.79543620811641,1,hard
3,medium,44.25936581479115,0,medium
-5,hard,43.082240778255404,0,medium
-1,hard,24.7172102659802,1,hard
0,easy,40.14104931279712,0,easy
-1,easy,32.11640977508649,1,easy
0,medium,47.259077703523744,0,medium
0,hard,28.76271663732827,0,hard
1,hard,26.435283626316696,1,hard
-2,easy,23.862031231571233,1,easy
2,hard,31.892878942355555,1,hard
1,easy,34.667254675921036,1,easy
3,medium,34.85962282927271,1,hard
1,easy,33.491725403118565,1,easy
-3,hard,36.71037012679806,1,hard
-3,medium,27.77458164085602,0,easy
2,easy,21.274846844081285,0,easy
-1,easy,20.401720030863522,0,easy
-2,medium,39.750510953034684,1,medium
2,medium,34.7032231052829,1,medium
0,easy,11.44162229049676,1,easy
-4,hard,40.967534267999405,0,medium
-2,easy,48.80435146402655,1,easy
-2,medium,22.840831492414672,1,medium
0,easy,33.36160046276041,0,easy
0,medium,25.265419063676404,1,medium
-5,medium,36.28306925471167,0,easy
2,hard,18.339911109247748,0,hard
0,medium,29.285543429012193,1,medium
-3,medium,39.81314127998781,1,medium
3,hard,42.3571173929884,1,hard
-4,medium,34.26495818919689,0,easy
2,hard,26.60954696790261,0,hard
4,hard,14.073989156563915,0,hard
-3,medium,22.424502887607183,1,medium
-1,medium,25.307265952452198,1,medium
0,easy,23.02266216698386,1,easy
4,hard,30.595529683136153,1,hard
0,easy,26.58112263828715,0,easy
-2,medium,31.72121372335443,0,easy
-3,easy,42.026273010476636,0,easy
-2,hard,25.935377787706386,0,medium
-5,easy,16.17133022745775,1,easy
-2,hard,22.982924018751252,1,hard
-5,medium,35.835884699732716,1,medium
-5,medium,36.77943784952673,0,easy
4,hard,34.06085197016234,0,hard
0,medium,43.00737305888016,1,medium
-1,medium,28.136369301230147,1,medium
-2,medium,50.52166148009324,0,easy
-3,medium,38.181871361059066,1,medium
-5,hard,5.0,0,medium
0,easy,48.006586299635664,0,easy
-4,easy,22.33013389864278,0,easy
2,medium,19.658988105430694,1,medium
4,easy,35.23771109832894,1,medium
-1,easy,12.618195276634562,0,easy
1,medium,23.045307686783865,1,medium
4,medium,45.57098540624207,0,medium
-4,easy,35.56217578997503,0,easy
2,hard,38.1223978093922,0,hard
-4,medium,23.43089399502526,0,easy
-2,hard,14.616300010318968,1,hard
-5,easy,37.06817429313734,0,easy
-1,medium,39.302561562419505,0,medium
3,hard,38.8499338608111,1,hard
-5,medium,32.090692301178656,0,easy
3,easy,20.329317565279293,0,easy
2,hard,54.3776958805973,1,hard
0,easy,34.797874429841755,1,easy
1,easy,28.26113358410832,1,easy
-3,medium,28.305507625166324,0,easy
-5,hard,31.495974780735537,1,hard
-1,easy,40.696082621579805,1,easy
-4,easy,31.896281233054527,0,easy
-1,hard,38.58513153447497,0,hard
2,easy,31.513976878932073,0,easy
3,easy,28.876461085296192,0,easy
-4,hard,36.41250393328389,0,medium
-3,hard,36.03286033673796,1,hard
-3,hard,28.30365880904845,1,hard
-5,hard,22.507930422857406,1,hard
2,medium,33.41728914740435,0,medium
0,hard,30.78348668962594,0,hard
2,medium,24.451282872292424,0,medium
3,medium,21.575995174632034,1,hard
-1,medium,34.104758438944565,1,medium
-3,easy,35.50095057027694,0,easy
-1,medium,26.399678853451395,1,medium
-1,medium,24.200629640870744,0,medium
-1,easy,21.697448109628095,1,easy
-3,easy,33.822549391449186,1,easy
4,easy,21.960229263592634,1,medium
-2,hard,52.411345690207305,0,medium
3,easy,25.89718564029003,1,medium
4,easy,5.747857221273989,1,medium
3,medium,29.698283333708652,0,medium
-4,easy,29.269665201811975,1,easy
2,hard,41.117185675241885,0,hard
2,easy,32.881262367277046,0,easy
1,hard,21.661648165601978,0,hard
2,easy,27.136081265032235,0,easy
-3,easy,33.274197716509875,0,easy
0,easy,8.352857496895894,1,easy
-5,easy,43.386217343904505,0,easy
1,hard,21.688301141953353,0,hard
-5,hard,44.170438209476174,0,medium
3,medium,33.924651411265884,0,medium
-5,hard,36.29594136393975,1,hard
-5,easy,41.494234360012726,0,easy
1,medium,35.73132052692498,1,medium
-4,medium,36.72886216317451,0,easy
-1,medium,28.355835595386186,1,medium
2,easy,33.721686814720954,0,easy
2,hard,24.12502185028257,0,hard
-3,easy,26.565889004120326,1,easy
1,medium,49.64695047968908,0,medium
-3,easy,21.918064149495784,1,easy
0,easy,31.54317126636281,0,easy
0,hard,31.13469036715476,1,hard
-3,hard,26.89245528219201,0,medium
1,medium,35.14400936570438,0,medium
-3,easy,35.89722092741383,1,easy
2,easy,20.74180816852421,0,easy
4,hard,31.013567115465513,0,hard
-2,easy,19.17632661227643,0,easy
-5,easy,37.88548618317301,0,easy
-2,easy,31.764873103626254,0,easy
1,hard,30.823298867170873,0,hard
-2,medium,36.59031348872403,1,medium
0,medium,27.24489709531599,1,medium
3,easy,39.14021959218205,1,medium
-5,medium,20.515551272438643,0,easy
-1,hard,44.118765188945275,1,hard
1,hard,24.490888174451463,0,hard
-5,medium,13.038209323044121,0,easy
-2,medium,26.71465091537268,0,easy
0,easy,25.58031802745791,0,easy
-4,medium,26.639260138499637,1,medium
4,easy,32.31648015483983,0,easy
-1,easy,40.97842360888272,1,easy
4,hard,28.082940861028632,0,hard
-5,hard,23.083824301810992,1,hard
0,hard,18.734531877162027,1,hard
0,hard,25.318172086909556,1,hard
-2,medium,11.121751607496474,1,medium
2,hard,22.74866906483639,1,hard
-2,medium,42.440538958621865,1,medium
2,hard,21.766407954215772,0,hard
2,medium,36.287158608003054,1,medium
-1,easy,17.7351791019151,0,easy
-2,medium,47.71095899310554,1,medium
-4,medium,48.3760673306471,0,easy
-3,hard,35.91021556559876,1,hard
-3,medium,49.912526016435216,1,medium
-2,easy,33.557929749276624,0,easy
-2,easy,37.68517114149556,1,easy
4,hard,42.61933876731535,1,hard
-1,easy,31.79718453098449,1,easy
-2,medium,14.476225384149386,0,easy
4,easy,37.88963355234398,1,medium
2,hard,25.281404055665362,0,hard
0,medium,26.0247017904454,1,medium
0,hard,32.9789491647869,1,hard
2,medium,35.6628087971737,0,medium
1,easy,31.50134634006218,1,easy
4,hard,36.35729536157309,1,hard
4,hard,22.931428659398037,0,hard
2,medium,29.572962052767167,1,medium
-4,hard,38.490854504508704,0,medium
3,medium,47.727911764367164,0,medium
